Make,Car Name,FH6 Class,FH6 PI,FH5 Class,Class Change?,New?,Acquired via,,
Abarth,1968 Abarth 595 esseesse,D,100,D 100,No,No,Autoshow,,
Abarth,1980 Abarth Fiat 131,D,399,C 510,Yes,No,Autoshow,,
Abarth,2016 Abarth 695 Biposto,B,540,B 657,No,No,Series 1,,
Acura,2001 Acura Integra Type-R,C,471,C 596,No,No,Autoshow,,
Acura,2002 Acura RSX Type S,C,462,C 585,No,No,Autoshow,,
Acura,2022 Acura NSX Type S,S1,734,-,-,Horizon,Horizon Festival,,
Acura,2023 Acura Integra A-Spec,C,484,-,-,Forza,Autoshow,,
Alfa Romeo,1965 Alfa Romeo Giulia Sprint GTA Stradale,D,379,D 486,No,No,Autoshow,,
Alfa Romeo,1965 Alfa Romeo Giulia TZ2,B,532,B 641,No,No,Horizon Festival,,
Alfa Romeo,1968 Alfa Romeo 33 Stradale,B,593,A 707,Yes,No,Autoshow,,
Alfa Romeo,1990 Alfa Romeo SE 048SP,R,,-,-,Forza,Italian Passion Car Pack,,
Alfa Romeo,1992 Alfa Romeo 155 Q4,C,439,C 561,No,No,Autoshow,,
Alfa Romeo,2007 Alfa Romeo 8C Competizione,A,635,A 755,No,No,Autoshow,,
Alfa Romeo,2014 Alfa Romeo 4C,A,644,A 755,No,No,Autoshow,,
Alfa Romeo,2017 Alfa Romeo Giulia Quadrifoglio,A,667,A 775,No,No,Autoshow,,
Alfa Romeo,2021 Alfa Romeo Giulia GTAm,S1,,-,-,Forza,Italian Passion Car Pack,,
Alumicraft,2015 Alumicraft Class 10 Race Car,B,532,B 642,No,No,Autoshow,,
Alumicraft,2021 Alumicraft #122 Class 1 Buggy,B,571,B 689,No,No,Autoshow,,
Alumicraft,2022 Alumicraft #6165 Trick Truck,C,485,C 596,No,No,Autoshow,,
AMG Transport Dynamics,2554 AMG Transport Dynamics M12S Warthog CST,A,663,A 719,No,No,Autoshow / Horizon Festival,,
Apollo,2018 Apollo Intensa Emozione,R,916,S2 963,Yes,No,Wheelspin,,
Ariel,2013 Ariel Atom 500 V8,S2,825,S2 924,No,No,Autoshow,,
Ariel,2016 Ariel Nomad,A,601,A 711,No,No,Autoshow / Horizon Festival,,
Aston Martin,1964 Aston Martin DB5,C,417,C 548,No,No,Autoshow,,
Aston Martin,2016 Aston Martin Vulcan,S2,884,-,-,No,Autoshow,,
Aston Martin,2017 Aston Martin DB11,A,679,A 787,No,No,Autoshow,,
Aston Martin,2017 Aston Martin Vulcan AMR Pro,S2,898,S2 953,No,No,Autoshow,,
Aston Martin,2019 Aston Martin Valhalla Concept Car,R,960,S2 959,Yes,No,Wheelspin,,
Aston Martin,2019 Aston Martin DBS Superleggera,S1,736,S1 835,No,No,Wheelspin,,
Aston Martin,2019 Aston Martin Vantage,A,696,S1 801,Yes,No,Autoshow,,
Aston Martin,2021 Aston Martin DBX,A,618,A 731,No,No,Series 1,,
Aston Martin,2022 Aston Martin Valkyrie AMR Pro,R,989,S2 998,Yes,No,Autoshow / Horizon Festival,,
Aston Martin,2023 Aston Martin Valkyrie,R,925,S2 978,Yes,No,Autoshow,,
Audi,1983 Audi Sport quattro,B,526,B 638,No,No,Wheelspin,,
Audi,1986 Audi #2 Audi Sport quattro S1,S1,726,S1 827,No,No,Autoshow,,
Audi,2001 Audi RS 4 Avant,B,544,B 663,No,No,Autoshow,,
Audi,2003 Audi RS 6,B,556,B 667,No,No,Autoshow,,
Audi,2006 Audi RS 4,B,593,A 710,Yes,No,Autoshow,,
Audi,2009 Audi RS 6,B,598,A 722,Yes,No,Autoshow,,
Audi,2009 Audi R8 LMS,S2,810,-,-,Horizon,Autoshow,,
Audi,2010 Audi TT RS Coupé,B,593,A 707,Yes,No,Autoshow,,
Audi,2011 Audi RS 3 Sportback,B,565,B 682,No,No,Autoshow,,
Audi,2011 Audi RS 5 Coupé,A,613,A 733,No,No,Autoshow,,
Audi,2013 Audi R8 Coupé V10 plus 5.2 FSI quattro,A,694,S1 802,Yes,No,Discover Japan,,
Audi,2013 Audi RS 4 Avant,A,607,A 728,No,No,Autoshow,,
Audi,2013 Audi RS 7 Sportback,A,620,A 739,No,No,Autoshow,,
Audi,2015 Audi RS 6 Avant,A,640,A 754,No,No,Autoshow,,
Audi,2015 Audi S1,B,527,B 644,No,No,Autoshow,,
Audi,2016 Audi R8 V10 plus,S1,731,S1 834,No,No,Autoshow,,
Audi,2018 Audi RS 4 Avant,A,637,A 751,No,No,Autoshow,,
Audi,2020 Audi R8 V10 Performance,S1,738,-,-,Horizon,Autoshow,,
Audi,2020 Audi RS 3 Sedan,A,617,A 734,No,No,Autoshow,,
Audi,2021 Audi RS 6 Avant,A,650,A 763,No,No,Autoshow,,
Audi,2021 Audi RS 7 Sportback,A,655,A 768,No,No,Autoshow,,
Audi,2021 Audi RS e-tron GT,A,677,A 770,No,No,Autoshow,,
Audi,2023 Audi R8 V10 GT RWD,S1,769,-,-,Forza,Car Pass,,
Austin-Healey,1965 Austin-Healey 3000 MkIII,D,342,-,-,No,Autoshow,,
Autozam,1993 Autozam AZ-1,D,342,D 450,No,No,Autoshow,,
BAC,2014 BAC Mono,S1,766,S1 868,No,No,Autoshow,,
Bentley,2016 Bentley Bentayga,A,612,A 727,No,No,Wheelspin,,
Bentley,2021 Bentley Continental GT Convertible,A,649,A 759,No,No,Autoshow / Discover Japan,,
BMW,1957 BMW Isetta 300 Export,D,100,D 100,No,No,Autoshow,,
BMW,1973 BMW 2002 Turbo,C,425,C 531,No,No,Autoshow,,
BMW,1981 BMW M1,B,510,B 629,No,No,Treasure Car,,
BMW,1988 BMW M3,C,474,-,-,Forza,Autoshow,,
BMW,1988 BMW M5,C,469,C 583,No,No,Autoshow,,
BMW,1995 BMW 850CSi,C,493,B 610,Yes,No,Autoshow,,
BMW,1995 BMW M5,B,516,B 634,No,No,Autoshow,,
BMW,1997 BMW M3,B,549,B 665,No,No,Autoshow,,
BMW,2003 BMW M5,B,580,B 694,No,No,Autoshow,,
BMW,2005 BMW M3,B,554,B 675,No,No,Autoshow,,
BMW,2008 BMW M3,A,608,A 725,No,No,Autoshow,,
BMW,2008 BMW Z4 M Coupé,B,579,B 694,No,No,Autoshow,,
BMW,2009 BMW M5,B,595,A 719,Yes,No,Autoshow,,
BMW,2010 BMW M3 GTS,A,678,A 794,No,No,Autoshow,,
BMW,2011 BMW X5 M,B,546,B 666,No,No,Autoshow,,
BMW,2012 BMW M5,A,652,A 766,No,No,Autoshow,,
BMW,2014 BMW M4 Coupé,A,679,A 782,No,No,Autoshow,,
BMW,2015 BMW i8,A,665,A 764,No,No,Autoshow,,
BMW,2016 BMW M4 GTS,S1,711,S1 814,No,No,Autoshow,,
BMW,2019 BMW Z4 Roadster,A,634,A 751,No,No,Autoshow / Horizon Festival,,
BMW,2020 BMW M2 Competition Coupé,A,656,-,-,Horizon,Horizon Festival,,
BMW,2020 BMW M8 Competition Coupe,A,684,A 791,No,No,Autoshow,,
BMW,2021 BMW M4 Competition Coupé,A,666,A 778,No,No,Autoshow,,
BMW,2021 BMW M4 Competition Coupé 'Welcome Pack',S1,800,-,-,Forza,Welcome Pack,,
BMW,2022 BMW M5 CS,S1,730,S1 827,No,No,Autoshow,,
BMW,2022 BMW iX xDrive50,B,595,A 703,Yes,No,Autoshow,,
BMW,2023 BMW M2,A,647,A 762,No,No,Autoshow,,
BMW,2023 BMW M2 Forza Edition,A,700,-,-,Forza,Horizon Festival,,
BMW,2024 BMW X6 M Competition,A,672,-,-,Forza,Autoshow,,
Buick,1987 Buick Regal GNX,C,454,C 564,No,No,Autoshow,,
Cadillac,2013 Cadillac XTS Limousine,D,381,D 492,No,No,Autoshow,,
Cadillac,2016 Cadillac ATS-V,A,601,A 716,No,No,Autoshow,,
Cadillac,2016 Cadillac CTS-V Sedan,A,648,A 761,No,No,Autoshow,,
Cadillac,2022 Cadillac CT4-V Blackwing,A,650,A 760,No,No,Autoshow,,
Cadillac,2022 Cadillac CT5-V Blackwing,S1,701,A 799,Yes,No,Autoshow,,
Can-Am,2018 Can-Am Maverick X RS Turbo R,B,568,B 670,No,No,Autoshow,,
Casey Currie Motorsports,2019 Casey Currie Motorsports #4402 Ultra 4 'Trophy Jeep',A,641,A 745,No,No,Wheelspin,,
Chevrolet,1953 Chevrolet Corvette,D,270,D 366,No,No,Autoshow,,
Chevrolet,1955 Chevrolet 150 Utility Sedan,D,221,D 360,No,No,Autoshow,,
Chevrolet,1957 Chevrolet Bel Air,D,320,D 432,No,No,Autoshow,,
Chevrolet,1960 Chevrolet Corvette,C,428,C 541,No,No,Wheelspin,,
Chevrolet,1964 Chevrolet Impala Super Sport 409,C,427,C 544,No,No,Autoshow,,
Chevrolet,1967 Chevrolet Corvette Stingray 427,B,510,B 623,No,No,Car Mastery,,
Chevrolet,1969 Chevrolet Camaro Super Sport Coupe,C,471,C 585,No,No,Autoshow,,
Chevrolet,1969 Chevrolet Nova Super Sport 396,C,431,C 545,No,No,Autoshow,,
Chevrolet,1970 Chevrolet Camaro Z28,C,430,C 539,No,No,Autoshow,,
Chevrolet,1970 Chevrolet Chevelle Super Sport 454,C,424,C 531,No,No,Autoshow,,
Chevrolet,1970 Chevrolet Corvette ZR-1,C,497,B 610,Yes,No,Autoshow,,
Chevrolet,1970 Chevrolet El Camino Super Sport 454,C,430,C 544,No,No,Autoshow,,
Chevrolet,1972 Chevrolet K10 Custom,D,268,D 369,No,No,Autoshow,,
Chevrolet,1979 Chevrolet Camaro Z28,D,364,D 466,No,No,Autoshow,,
Chevrolet,1988 Chevrolet Monte Carlo Super Sport,D,282,D 396,No,No,Autoshow,,
Chevrolet,1995 Chevrolet Corvette ZR-1,B,576,B 693,No,No,Autoshow,,
Chevrolet,1996 Chevrolet Impala Super Sport,C,407,C 509,No,No,Autoshow,,
Chevrolet,2002 Chevrolet Corvette Z06,A,602,A 722,No,No,Autoshow,,
Chevrolet,2009 Chevrolet Corvette ZR1,S1,712,S1 809,No,No,Autoshow,,
Chevrolet,2015 Chevrolet Camaro Z/28,A,695,A 797,No,No,Autoshow,,
Chevrolet,2015 Chevrolet Corvette Z06,S1,755,S1 852,No,No,Autoshow,,
Chevrolet,2017 Chevrolet Camaro ZL1,S1,727,S1 821,No,No,Autoshow,,
Chevrolet,2018 Chevrolet Camaro ZL1 1LE,S1,728,S1 824,No,No,Autoshow,,
Chevrolet,2019 Chevrolet Corvette ZR1,S1,778,S1 871,No,No,Wheelspin,,
Chevrolet,2020 Chevrolet Corvette Stingray Coupé,A,699,S1 806,Yes,No,Autoshow,,
Chevrolet,2020 Chevrolet Silverado LT Trail Boss,C,449,C 561,No,No,Autoshow,,
Chevrolet,2023 Chevrolet Corvette Z06,S1,763,S1 855,No,No,Autoshow,,
Chevrolet,2024 Chevrolet Corvette E-Ray,S1,737,S1 834,No,No,Autoshow,,
Datsun,1969 Datsun 2000 Roadster,D,323,-,-,No,Series 1,,
Datsun,1970 Datsun 510,D,143,D 264,No,No,Autoshow,,
Datsun,"1972 Datsun #269 Attacking the Clock Racing 240Z ""All Carbon Hill Climb Beast""",R,951,-,-,Forza,Car Pass,,
DeBerti,2013 DeBerti Wrangler Unlimited,A,645,A 749,No,No,Autoshow,,
DeBerti,2018 DeBerti Chevrolet Silverado 1500 Drift Truck,S1,707,A 798,Yes,No,Autoshow,,
DeBerti,2019 DeBerti Ford Super Duty F-250 Lariat “Transformer”,B,548,B 665,No,No,Autoshow,,
DeBerti,2019 DeBerti Toyota Tacoma TRD “The Performance Truck”,S1,717,S1 836,No,No,Autoshow,,
DeLorean,1982 DeLorean DMC-12,D,357,D 464,No,No,Autoshow,,
Dodge,1968 Dodge Dart HEMI Super Stock,B,540,B 650,No,No,Wheelspin,,
Dodge,1969 Dodge Charger Daytona HEMI,C,479,C 595,No,No,Autoshow / Discover Japan,,
Dodge,1969 Dodge Charger R/T,C,417,C 548,No,No,Treasure Car,,
Dodge,1970 Dodge Challenger R/T,C,443,C 551,No,No,Wheelspin,,
Dodge,1970 Dodge Coronet Super Bee,C,455,C 566,No,No,Autoshow,,
Dodge,1999 Dodge Viper GTS ACR,B,598,A 717,Yes,No,Autoshow,,
Dodge,1999 Dodge Viper GTS ACR Forza Edition,A,700,-,-,Forza,VIP Membership,,
Dodge,2006 Dodge Ram SRT10,B,547,-,-,Horizon,Series 2,,
Dodge,2008 Dodge Viper SRT10 ACR,S1,735,S1 844,No,No,Autoshow,,
Dodge,2015 Dodge Challenger SRT Hellcat,A,631,A 755,No,No,Autoshow,,
Dodge,2015 Dodge Charger SRT Hellcat,A,637,A 762,No,No,Autoshow,,
Dodge,2016 Dodge Viper ACR,S1,786,S1 873,No,No,Wheelspin,,
Dodge,2018 Dodge Challenger SRT Demon,A,678,A 786,No,No,Autoshow / Horizon Festival,,
Dodge,2021 Dodge Durango SRT Hellcat,A,628,A 744,No,No,Discover Japan,,
Dodge,2022 Dodge Challenger SRT Super Stock,A,695,S1 802,Yes,No,Autoshow,,
Ferrari,1962 Ferrari 250 GT Berlinetta Lusso,C,475,C 590,No,No,Autoshow / Horizon Festival,,
Ferrari,1962 Ferrari 250 GTO,C,494,B 612,Yes,No,Autoshow,,
Ferrari,1967 Ferrari #24 Ferrari Spa 330 P4,A,684,A 780,No,No,Autoshow,,
Ferrari,1967 Ferrari 275 GTB4 Spider,C,,-,-,Forza,Italian Passion Car Pack,,
Ferrari,1969 Ferrari Dino 246 GT,C,428,C 535,No,No,Autoshow,,
Ferrari,1970 Ferrari 512 S,S1,774,S1 861,No,No,Autoshow,,
Ferrari,1984 Ferrari 288 GTO,A,643,A 750,No,No,Wheelspin,,
Ferrari,1987 Ferrari F40,A,678,A 784,No,No,Autoshow / Discover Japan,,
Ferrari,1989 Ferrari F40 Competizione,R,948,S2 947,Yes,No,Autoshow,,
Ferrari,1992 Ferrari 512 TR,A,615,A 733,No,No,Wheelspin,,
Ferrari,1994 Ferrari F355 Berlinetta,B,588,A 717,Yes,No,Wheelspin / Series 1,,
Ferrari,1995 Ferrari F50,A,678,A 789,No,No,Autoshow,,
Ferrari,1996 Ferrari F50 GT,R,948,S2 976,Yes,No,Car Mastery,,
Ferrari,2002 Ferrari Enzo Ferrari ,S1,755,S1 857,No,No,Autoshow,,
Ferrari,2005 Ferrari FXX,S2,900,S2 956,No,No,Autoshow,,
Ferrari,2007 Ferrari 430 Scuderia,S1,702,S1 810,No,No,Autoshow,,
Ferrari,2009 Ferrari 458 Italia,S1,721,S1 823,No,No,Autoshow,,
Ferrari,2010 Ferrari 599XX,S2,840,S2 924,No,No,Autoshow,,
Ferrari,2012 Ferrari 599XX Evolution,S2,894,S2 952,No,No,Wheelspin,,
Ferrari,2013 Ferrari 458 Speciale,S1,768,S1 865,No,No,Autoshow,,
Ferrari,2013 Ferrari LaFerrari,S2,857,S2 934,No,No,Autoshow,,
Ferrari,2014 Ferrari FXX K,R,936,S2 979,Yes,No,Autoshow,,
Ferrari,2015 Ferrari 488 GTB,S1,770,S1 863,No,No,Autoshow,,
Ferrari,2015 Ferrari F12tdf,S1,788,S1 884,No,No,Autoshow,,
Ferrari,2017 Ferrari 812 Superfast,S1,780,S1 878,No,No,Autoshow,,
Ferrari,2017 Ferrari J50,S1,772,S1 857,No,No,Autoshow,,
Ferrari,2017 Ferrari J50 Pre-Order Car,S1,800,-,-,Forza,Pre-Order Bonus,,
Ferrari,2018 Ferrari FXX-K Evo,R,957,S2 998,Yes,No,Autoshow,,
Ferrari,2018 Ferrari FXX-K Evo 'Welcome Pack',R,998,-,-,Forza,Welcome Pack,,
Ferrari,2018 Ferrari Portofino,S1,714,S1 814,No,No,Autoshow,,
Ferrari,2019 Ferrari 488 Pista,S2,803,S1 889,Yes,No,Autoshow,,
Ferrari,2019 Ferrari F8 Tributo,S2,802,S1 891,Yes,No,Wheelspin,,
Ferrari,2019 Ferrari Monza SP2,S1,773,S1 867,No,No,Autoshow,,
Ferrari,2020 Ferrari Roma,S1,735,S1 830,No,No,Series 1,,
Ferrari,2020 Ferrari SF90 Stradale,S2,851,S2 915,No,No,Autoshow,,
Ferrari,2022 Ferrari 296 GTB,S2,811,S1 892,Yes,No,Series 1,,
Ferrari,2025 Ferrari F80,R,,-,-,Forza,Italian Passion Car Pack,,
Ford,1932 Ford De Luxe Five-Window Coupe,D,100,D 126,No,No,Autoshow,,
Ford,1965 Ford Mustang GT Coupe,D,388,D 499,No,No,Autoshow,,
Ford,1966 Ford #2 GT40 Mk II Le Mans,A,666,A 771,No,No,Autoshow,,
Ford,1968 Ford Mustang 2+2 Fastback,D,394,D 498,No,No,Autoshow,,
Ford,1968 Ford Mustang 2+2 Fastback Forza Edition,A,700,-,-,Forza,Wheelspin,,
Ford,1969 Ford Mustang Boss 302,C,468,C 581,,No,Autoshow,,
Ford,1973 Ford Capri RS3100,D,394,D 497,No,No,Autoshow,,
Ford,1973 Ford XB Falcon GT,C,422,C 532,No,No,Autoshow,,
Ford,1977 Ford #5 Escort RS1800 MK II,B,544,B 662,No,No,Autoshow,,
Ford,1985 Ford RS200 Evolution,S1,710,S1 808,No,No,Horizon Festival,,
Ford,1986 Ford F-150 XLT Lariat,D,263,D 357,No,No,Autoshow,,
Ford,1986 Ford F-150 XLT Lariat Forza Edition,S2,850,-,-,Forza,Wheelspin,,
Ford,1987 Ford Sierra Cosworth RS500,C,484,B 604,Yes,No,Barn Find,,
Ford,1992 Ford Escort RS Cosworth,C,456,C 565,No,No,Autoshow,,
Ford,1993 Ford SVT Cobra R,C,432,C 539,No,No,Autoshow,,
Ford,1994 Ford Supervan 3,S1,740,S1 820,No,No,Autoshow,,
Ford,1999 Ford Racing Puma,C,401,C 514,No,No,Autoshow,,
Ford,2000 Ford Mustang SVT Cobra R,B,528,B 648,No,No,Autoshow,,
Ford,2001 Ford #4 Ford Focus RS,A,639,A 749,No,No,Autoshow,,
Ford,2003 Ford F-150 SVT Lightning,C,474,C 585,No,No,Series 1 / Series 2,,
Ford,2003 Ford Focus RS,C,484,C 593,No,No,Autoshow,,
Ford,2005 Ford GT,A,676,A 786,No,No,Treasure Car,,
Ford,2009 Ford Focus RS,B,551,B 660,No,No,Autoshow,,
Ford,2010 Ford Crown Victoria Police Interceptor,D,354,D 462,No,No,Autoshow,,
Ford,2011 Ford Transit SuperSportVan,D,235,D 347,No,No,Autoshow,,
Ford,2013 Ford Mustang Shelby GT500,A,647,A 756,No,No,Autoshow,,
Ford,2014 Ford #11 Rockstar F-150 Trophy Truck,A,613,A 731,No,No,Autoshow,,
Ford,2014 Ford FPV Limited Edition Pursuit Ute,B,563,B 685,No,No,Autoshow,,
Ford,2014 Ford Ranger T6 Rally Raid,B,530,B 643,No,No,Wheelspin,,
Ford,2016 Ford Mustang Shelby GT350R,S1,721,S1 815,No,No,Autoshow,,
Ford,2017 Ford #14 Rahal Letterman Lanigan Racing GRC Fiesta,S1,772,S1 860,No,No,Autoshow / Horizon Festival,,
Ford,"2017 Ford #25 ""Brocky"" Ultra4 Bronco RTR",A,644,A 748,No,No,Autoshow / Discover Japan,,
Ford,2017 Ford Focus RS,B,588,A 702,Yes,No,Autoshow / Discover Japan,,
Ford,2017 Ford GT,S1,757,S1 863,No,No,Autoshow,,
Ford,2017 Ford M-Sport Fiesta RS,S1,707,S1 808,No,No,Wheelspin,,
Ford,2018 Ford Mustang RTR Spec 5,A,648,A 757,No,No,Autoshow,,
Ford,2020 Ford #2069 Ford Performance Bronco R,C,441,C 544,No,No,Autoshow,,
Ford,2020 Ford Mustang Shelby GT500,S1,734,S1 836,No,No,Autoshow,,
Ford,2020 Ford Super Duty F-450 DRW Platinum,D,379,D 466,No,No,Autoshow,,
Ford,2020 Ford Super Duty F-450 DRW Platinum Forza Edition,A,700,-,-,Forza,Wheelspin,,
Ford,2022 Ford Bronco Raptor,C,473,C 588,No,No,Autoshow,,
Ford,2022 Ford F-150 Lightning,C,500,B 607,Yes,No,Wheelspin,,
Ford,2022 Ford Focus ST,B,594,A 707,Yes,No,Autoshow,,
Ford,2022 Ford Supervan 4,R,919,S2 953,Yes,No,Car Mastery,,
Ford,2023 Ford F-150 Raptor R,B,536,B 689,No,No,Autoshow,,
Ford,2023 Ford F-150 Raptor R 'Welcome Pack',B,600,-,-,Forza,Welcome Pack,,
Ford,2023 Ford Fiesta ST,C,500,B 615,Yes,No,Autoshow,,
Ford,2024 Ford Mustang Dark Horse,A,669,A 772,No,No,Autoshow / Horizon Festival,,
Ford,2024 Ford Mustang GT,A,628,A 739,No,No,Autoshow,,
Formula Drift,1989 Formula Drift #98 BMW 325i,S1,726,S1 813,No,No,Autoshow,,
Formula Drift,1995 Formula Drift #34 Toyota Supra MkIV,S1,759,S1 845,No,No,Autoshow,,
Formula Drift,1997 Formula Drift #777 Nissan 240SX,S1,748,S1 826,No,No,Autoshow / Discover Japan,,
Formula Drift,2006 Formula Drift #43 Dodge Viper SRT10,S1,748,S1 826,No,No,Wheelspin,,
Formula Drift,2007 Formula Drift #117 599 GTB Fiorano,S1,767,S1 852,No,No,Autoshow / Horizon Festival,,
Formula Drift,2009 Formula Drift #99 Mazda RX-8,S1,737,S1 829,No,No,Autoshow / Horizon Festival,,
Formula Drift,2013 Formula Drift #777 Chevrolet Corvette,S1,760,S1 848,No,No,Autoshow,,
Formula Drift,2015 Formula Drift #13 Ford Mustang,S1,739,S1 825,No,No,Wheelspin,,
Formula Drift,2016 Formula Drift #530 HSV Maloo Gen-F,S1,710,S1 808,No,No,Autoshow,,
Formula Drift,2019 Formula Drift #411 Toyota Corolla Hatchback,S1,754,S1 840,No,No,Autoshow,,
Formula Drift,2020 Formula Drift #91 BMW M2,S1,748,S1 839,No,No,Autoshow,,
Formula Drift,2020 Formula Drift #151 Toyota GR Supra,S1,779,S1 863,No,No,Autoshow,,
Formula Drift,2023 Formula Drift #64 Forsberg Racing Nissan Z,S1,783,S1 854,No,No,Autoshow,,
Funco Motorsports,2018 Funco Motorsports F9,S1,752,S1 821,No,No,Horizon Festival,,
GMC,1970 GMC Jimmy,C,416,C 521,No,No,Autoshow,,
GMC,1991 GMC Syclone,C,446,C 548,No,No,Autoshow,,
GMC,1992 GMC Typhoon,C,435,C 538,No,No,Autoshow,,
GMC,2022 GMC HUMMER EV Pickup,A,610,A 718,No,No,Autoshow,,
Gordon Murray Automotive,2022 Gordon Murray Automotive T.50,S2,871,S2 936,No,No,Autoshow / Horizon Festival,,
GR,2025 GR GT Prototype,S1,771,-,-,Forza,Autoshow,,
Hennessey,2012 Hennessey Venom GT,S2,845,S2 911,No,No,Wheelspin,,
Hennessey,2019 Hennessey VelociRaptor 6x6,B,520,B 634,No,No,Autoshow,,
Hennessey,2021 Hennessey Venom F5,S2,870,S2 964,No,No,Autoshow,,
Holden,1977 Holden Torana A9X,C,413,C 517,No,No,Autoshow,,
Honda,1970 Honda S800,D,134,-,-,No,Autoshow,,
Honda,1974 Honda Civic RS,D,254,D 368,No,No,Car Mastery,,
Honda,1984 Honda City E II,D,203,-,-,Forza,Autoshow / Discover Japan,,
Honda,1984 Honda Civic CRX Mugen,D,390,D 499,No,No,Discover Japan,,
Honda,1986 Honda Civic Si,D,253,-,-,No,Autoshow,,
Honda,1990 Honda #19 CRX WTAC,S2,877,-,-,Forza,Time Attack Car Pack,,
Honda,1991 Honda Beat,D,283,-,-,Forza,Autoshow / Discover Japan,,
Honda,1991 Honda CR-X SiR,C,465,C 534,No,No,Series 1,,
Honda,1992 Honda #21 Hardrace/JDMYard Civic WTAC,R,913,-,-,Forza,Time Attack Car Pack,,
Honda,1992 Honda NSX-R,B,572,B 691,No,No,Autoshow,,
Honda,1994 Honda Acty,D,100,-,-,Forza,Autoshow / Discover Japan,,
Honda,1994 Honda Prelude Si,C,410,C 521,No,No,Autoshow / Discover Japan,,
Honda,1997 Honda Civic Type R,C,430,C 553,No,No,Autoshow,,
Honda,2001 Honda #33 Integra WTAC,S2,860,-,-,Forza,Time Attack Car Pack,,
Honda,2003 Honda S2000,B,503,B 630,No,No,Autoshow,,
Honda,2004 Honda #52 Evasive Motorsports S2000 WTAC,S2,888,-,-,Forza,Time Attack Car Pack,,
Honda,2004 Honda Civic Type R,C,480,C 600,No,No,Autoshow,,
Honda,2005 Honda NSX-R,B,570,B 691,No,No,Autoshow / Discover Japan,,
Honda,2005 Honda NSX-R GT,A,608,A 725,No,No,Barn Find,,
Honda,2007 Honda Civic Type-R,C,454,C 574,No,No,Autoshow,,
Honda,2008 Honda Civic Type-R,B,514,-,-,Forza,Car Pass,,
Honda,2015 Honda Civic Type R,B,585,B 699,No,No,Autoshow,,
Honda,2015 Honda Ridgeline Baja Trophy Truck,B,579,A 703,Yes,No,Autoshow,,
Honda,2018 Honda Civic Type R,A,608,A 727,No,No,Autoshow,,
Honda,2022 Honda e,D,398,-,-,Forza,Autoshow,,
Honda,2023 Honda Civic Type R,A,620,-,-,Forza,Autoshow / Discover Japan,,
HSV,2014 HSV GEN-F GTS,A,601,A 721,No,No,Autoshow,,
HSV,2014 HSV Limited Edition Gen-F GTS Maloo,A,629,A 742,No,No,Autoshow,,
Hyundai,2019 Hyundai Veloster N,B,532,B 645,No,No,Autoshow,,
Hyundai,2020 Hyundai i30 N,B,553,B 670,No,No,Autoshow,,
Hyundai,2021 Hyundai i20 N,B,564,-,-,Horizon,Autoshow,,
Hyundai,2022 Hyundai N Vision 74,A,692,A 799,No,No,Autoshow,,
Hyundai,2023 Hyundai IONIQ 5 N,A,657,A 756,No,No,Autoshow,,
Jaguar,1956 Jaguar D-Type,B,506,B 630,No,No,Autoshow,,
Jaguar,1961 Jaguar E-Type,C,414,C 525,No,No,Wheelspin,,
Jaguar,1964 Jaguar Lightweight E-Type,B,568,B 688,No,No,Autoshow,,
Jaguar,1991 Jaguar Sport XJR-15,S1,716,S1 828,No,No,Autoshow / Discover Japan,,
Jaguar,1993 Jaguar XJ220,A,676,A 786,No,No,Autoshow,,
Jaguar,1993 Jaguar XJ220 TWR,S1,750,S1 848,No,No,Autoshow,,
Jaguar,2010 Jaguar C-X75,S2,810,S1 880,Yes,No,Autoshow,,
Jeep,2012 Jeep Wrangler Rubicon,D,350,D 463,No,No,Autoshow,,
Jeep,2016 Jeep Trailcat,A,635,A 744,No,No,Autoshow,,
Jeep,2018 Jeep Grand Cherokee Trackhawk,A,631,A 749,No,No,Autoshow,,
Jeep,2020 Jeep JT,D,336,D 456,No,No,Autoshow,,
Jimco,2019 Jimco #240 Fastball Racing Spec Trophy Truck,B,511,B 623,No,No,Autoshow,,
Jimco,2020 Jimco #179 Hammerhead Class 1,A,652,A 763,No,No,Autoshow,,
Koenigsegg,2008 Koenigsegg CCGT,S2,900,S2 965,No,No,Autoshow,,
Koenigsegg,2011 Koenigsegg Agera,S2,810,S1 895,Yes,No,Autoshow,,
Koenigsegg,2015 Koenigsegg One:1,S2,890,S2 983,No,No,Wheelspin,,
Koenigsegg,2016 Koenigsegg Regera,S2,886,S2 966,No,No,Autoshow,,
Koenigsegg,2017 Koenigsegg Agera RS,S2,890,S2 980,No,No,Autoshow / Discover Japan,,
Koenigsegg,2020 Koenigsegg Jesko,S2,899,S2 971,No,No,Autoshow,,
Koenigsegg,2024 Koenigsegg Gemera,S2,900,-,-,Forza,Car Pass,,
KTM,2018 KTM X-Bow GT4,S1,749,S1 845,No,No,Autoshow,,
Lamborghini,1967 Lamborghini Miura P400,B,505,B 625,No,No,Autoshow,,
Lamborghini,1988 Lamborghini Countach LP5000 QV,A,622,A 735,No,No,Series 1 / Series 2,,
Lamborghini,1997 Lamborghini Diablo SV,A,649,A 763,No,No,Barn Find,,
Lamborghini,1999 Lamborghini Diablo GTR,S2,823,S1 881,Yes,No,Wheelspin,,
Lamborghini,2010 Lamborghini Murciélago LP 670-4 SV,S1,707,S1 818,No,No,Autoshow,,
Lamborghini,2011 Lamborghini Sesto Elemento,S2,871,S2 936,No,No,Wheelspin,,
Lamborghini,2012 Lamborghini Aventador LP 700-4,S1,753,S1 847,No,No,Wheelspin,,
Lamborghini,2012 Lamborghini Gallardo LP 570-4 Spyder Performante,A,685,A 797,No,No,Autoshow,,
Lamborghini,2013 Lamborghini Veneno,S2,834,S2 910,No,No,Autoshow,,
Lamborghini,2014 Lamborghini Huracán LP 610-4,S1,738,S1 838,No,No,Autoshow,,
Lamborghini,2016 Lamborghini Centenario LP 770-4,S1,792,S1 884,No,No,Autoshow,,
Lamborghini,2018 Lamborghini Aventador SVJ,S1,794,S1 889,No,No,Autoshow,,
Lamborghini,2019 Lamborghini Urus,A,659,A 767,No,No,Autoshow / Horizon Festival,,
Lamborghini,2020 Lamborghini Essenza SCV12,R,911,S2 967,Yes,No,Autoshow,,
Lamborghini,2020 Lamborghini Huracán EVO,S1,761,S1 851,No,No,Series 1,,
Lamborghini,2020 Lamborghini Huracán STO,S1,783,S1 883,No,No,Autoshow,,
Lamborghini,2020 Lamborghini Sián Roadster,S1,797,S1 881,No,No,Autoshow,,
Lamborghini,2021 Lamborghini Aventador LP 780-4 Ultimae,S1,794,S1 878,No,No,Horizon Festival,,
Lamborghini,2021 Lamborghini Countach LPI 800-4,S1,773,S1 865,No,No,Autoshow,,
Lamborghini,2022 Lamborghini Huracán Sterrato,S1,738,S1 836,No,No,Horizon Festival,,
Lamborghini,2022 Lamborghini Huracán Tecnica,S1,747,S1 850,No,No,Autoshow,,
Lamborghini,2024 Lamborghini Revuelto,S2,829,S2 905,No,No,Autoshow / Horizon Festival,,
Lancia,1974 Lancia Stratos HF Stradale,C,483,C 590,No,No,Treasure Car,,
Lancia,1986 Lancia Delta S4,B,564,B 682,No,No,Autoshow,,
Lancia,1992 Lancia Delta HF Integrale Evo,C,489,B 602,Yes,No,Autoshow,,
Land Rover,2015 Land Rover Range Rover Sport SVR,A,604,A 722,No,No,Autoshow / Horizon Festival,,
Land Rover,2020 Land Rover Defender 110 X,C,427,C 534,No,No,Autoshow,,
Lexus,2010 Lexus LFA,A,699,S1 810,Yes,No,Autoshow,,
Lexus,2010 Lexus LFA Forza Edition,S2,900,-,-,Forza,Discover Japan,,
Lexus,2015 Lexus RC F,A,623,A 741,No,No,Autoshow,,
Lexus,2021 Lexus LC 500,B,692,A 719,Yes,No,Autoshow,,
Lincoln,1962 Lincoln Continental,D,267,D 381,No,No,Barn Find,,
Lotus,1997 Lotus Elise GT1,S1,709,A 794,Yes,No,Autoshow,,
Lotus,1999 Lotus Elise Series 1 Sport 190,B,589,A 711,Yes,No,Autoshow,,
Lotus,2018 Lotus Exige Cup 430,S1,732,S1 833,No,No,Series 1 / Series 2,,
Lotus,2018 Lotus Scura Motorsport Exige WTAC,R,998,-,-,Forza,Horizon Festival,,
Lotus,2020 Lotus Evija,R,937,S2 994,Yes,No,Autoshow,,
Lotus,2020 Lotus Evija Forza Edition,S2,900,-,-,Forza,VIP Membership,,
Lotus,2023 Lotus Emira,A,656,A 767,No,No,Series 1,,
Lucid,2024 Lucid Air Sapphire,S2,820,S1 884,Yes,No,Autoshow,,
Maserati,1997 Maserati Ghibli Cup,B,591,-,-,Horizon,Autoshow / Discover Japan,,
Maserati,2004 Maserati MC12,S1,751,-,-,No,Series 1,,
Maserati,2008 Maserati MC12 Versione Corsa,R,912,S2 961,Yes,No,Autoshow,,
Maserati,2022 Maserati MC20,S1,753,-,-,Forza,Autoshow,,
Mazda,1972 Mazda Cosmo 110S Series II,D,394,-,-,No,Series History,,
Mazda,1973 Mazda RX-3,D,328,-,-,No,Autoshow,,
Mazda,1973 Mazda RX-3 Forza Edition,B,600,-,-,Forza,Aftermarket,,
Mazda,1974 Mazda #123 Mad Mike 808 Station Wagon 'FURSTY',S1,702,-,-,Forza,Car Pass,,
Mazda,1985 Mazda RX-7 GSL-SE,D,357,-,-,No,Treasure Car,,
Mazda,1990 Mazda Savanna RX-7,C,451,C 558,No,No,Autoshow,,
Mazda,1991 Mazda #55 Mazda 787B,R,988,-,-,Horizon,Barn Find,,
Mazda,1992 Mazda RX-7 Type R,B,548,-,-,Forza,Autoshow / Horizon Festival,,
Mazda,1994 Mazda MX-5 Miata,D,329,D 445,No,No,Autoshow,,
Mazda,1994 Mazda MX-5 Miata Forza Edition,S2,850,-,-,Forza,Aftermarket,,
Mazda,2005 Mazda Mazdaspeed MX-5,C,469,C 587,No,No,Autoshow,,
Mazda,2008 Mazda Furai,R,926,-,-,Horizon,Series 1,,
Mazda,2010 Mazda Mazdaspeed 3,B,536,-,-,No,Autoshow,,
Mazda,2011 Mazda RX-8 R3,B,508,B 624,No,No,Autoshow,,
Mazda,2013 Mazda MX-5,C,432,C 549,No,No,Autoshow,,
Mazda,2016 Mazda MX-5,C,499,B 620,Yes,No,Autoshow,,
Mazda,2017 Mazda MX-5 Cup,B,586,-,-,Horizon,Autoshow / Horizon Festival,,
Mazda,2022 Mazda MX-5 Miata RF,B,509,B 626,No,No,Autoshow,,
McLaren,1993 McLaren F1,S1,713,S1 817,No,No,Autoshow,,
McLaren,1997 McLaren F1 GT,S1,769,S1 866,No,No,Autoshow,,
McLaren,2011 McLaren 12C Coupé,S1,727,S1 832,No,No,Autoshow,,
McLaren,2013 McLaren P1,S2,848,S2 928,No,No,Autoshow,,
McLaren,2014 McLaren 650S Spider,S1,765,S1 856,No,No,Autoshow,,
McLaren,2015 McLaren 570S Coupé,S1,721,S1 824,No,No,Autoshow,,
McLaren,2018 McLaren 600LT Coupé,S1,780,S1 868,No,No,Autoshow,,
McLaren,2019 McLaren Speedtail,S2,835,S2 910,No,No,Autoshow,,
McLaren,2021 McLaren 620R,S1,773,S1 864,No,No,Wheelspin,,
McLaren,2021 McLaren 765LT,S2,829,S2 913,No,No,Autoshow,,
McLaren,2021 McLaren Sabre,S1,787,S1 887,No,No,Series 1,,
McLaren,2023 McLaren Artura,S1,766,S1 860,No,No,Autoshow,,
Mercedes-AMG,2015 Mercedes-AMG GT S,A,691,A 797,No,No,Autoshow,,
Mercedes-AMG,2016 Mercedes-AMG C 63 S Coupé,A,645,A 755,No,No,Autoshow,,
Mercedes-AMG,2017 Mercedes-AMG GT R,S1,764,S1 837,No,No,Series 2,,
Mercedes-AMG,2018 Mercedes-AMG E 63 S,A,674,A 778,No,No,Autoshow,,
Mercedes-AMG,2018 Mercedes-AMG GT 4-Door Coupé,A,664,A 768,No,No,Wheelspin,,
Mercedes-AMG,2020 Mercedes-AMG SLC 43 Final Edition,A,620,-,-,Forza,Autoshow,,
Mercedes-AMG,2021 Mercedes-AMG GT Black Series,S1,782,S1 884,No,No,Autoshow,,
Mercedes-AMG,2021 Mercedes-AMG GT Black Series ‘Welcome Pack’,S2,900,-,-,Forza,Welcome Pack,,
Mercedes-AMG,2021 Mercedes-AMG ONE,S2,900,S2 927,No,No,Autoshow,,
Mercedes-AMG,2021 Mercedes-AMG SL 63,A,690,A 789,No,No,Autoshow,,
Mercedes-Benz,1954 Mercedes-Benz 300 SL Coupé,D,388,D 498,No,No,Autoshow,,
Mercedes-Benz,1955 Mercedes-Benz 300 SLR,B,599,A 714,Yes,No,Autoshow,,
Mercedes-Benz,1987 Mercedes-Benz AMG Hammer Coupe,B,565,B 681,No,No,Autoshow,,
Mercedes-Benz,1990 Mercedes-Benz 190E 2.5-16 Evolution II,C,460,C 579,No,No,Autoshow,,
Mercedes-Benz,1990 Mercedes-Benz 190E 2.5-16 Evolution II Forza Edition,A,700,-,-,Forza,Wheelspin,,
Mercedes-Benz,1998 Mercedes-Benz AMG CLK GTR,S1,713,S1 829,No,No,Wheelspin,,
Mercedes-Benz,2009 Mercedes-Benz SL 65 AMG Black Series,A,699,A 800,No,No,Autoshow,,
Mercedes-Benz,2012 Mercedes-Benz C 63 AMG Coupé Black Series,A,654,A 768,No,No,Autoshow,,
Mercedes-Benz,2013 Mercedes-Benz A 45 AMG,B,582,A 707,Yes,No,Autoshow,,
Mercedes-Benz,2013 Mercedes-Benz G 65 AMG,B,530,B 639,No,No,Autoshow / Horizon Festival,,
Mercedes-Benz,2014 Mercedes-Benz G 63 AMG 6x6,C,489,B 606,Yes,No,Wheelspin,,
Mercedes-Benz,2014 Mercedes-Benz Unimog U5023,D,100,D 103,No,No,Autoshow,,
Mercedes-Benz,2018 Mercedes-Benz X-Class,D,258,D 368,No,No,Autoshow,,
Meyers,1971 Meyers Manx,D,201,D 291,No,No,Autoshow,,
Meyers,2023 Meyers Manx 2.0 EV,B,540,B 649,No,No,Autoshow,,
MG,1986 MG Metro 6R4,A,627,S1 811,Yes,No,Autoshow / Horizon Festival,,
MINI,1965 MINI Cooper S,D,158,D 281,No,No,Autoshow,,
MINI,2012 MINI John Cooper Works GP,B,509,B 628,No,No,Autoshow,,
MINI,2013 MINI X-Raid All4 Racing Countryman,B,523,B 632,No,No,Autoshow,,
MINI,2018 MINI X-Raid John Cooper Works Buggy,B,514,B 632,No,No,Horizon Festival,,
MINI,2021 MINI John Cooper Works GP,B,599,A 719,Yes,No,Series 1,,
Mitsubishi,1990 Mitsubishi #269 Attacking the Clock Racing Minicab Time Attack,D,166,-,-,Forza,Time Attack Car Pack,,
Mitsubishi,1992 Mitsubishi Galant VR-4,C,432,C 540,No,No,Autoshow,,
Mitsubishi,1995 Mitsubishi Eclipse GSX,C,436,C 543,No,No,Autoshow,,
Mitsubishi,1995 Mitsubishi Lancer Evolution III GSR,B,517,B 632,No,No,Treasure Car,,
Mitsubishi,1995 Mitsubishi Montero Exceed 2800 TD,D,190,-,-,Forza,Autoshow,,
Mitsubishi,1997 Mitsubishi GTO,C,495,B 610,Yes,No,Autoshow,,
Mitsubishi,1997 Mitsubishi Montero Evolution,D,346,D 457,No,No,Barn Find,,
Mitsubishi,2001 Mitsubishi Lancer Evolution VI GSR TM Edition,B,574,-,-,Forza,Autoshow,,
Mitsubishi,2004 Mitsubishi Lancer Evolution VIII MR,B,555,B 664,No,No,Autoshow,,
Mitsubishi,2004 Mitsubishi Lancer Evolution VIII MR 'Welcome Pack',A,700,-,-,Forza,Welcome Pack,,
Mitsubishi,2005 Mitsubishi #1 Sierra Sierra Enterprises Lancer Evolution Time Attack,R,962,S2 967,Yes,No,Barn Find,,
Mitsubishi,2006 Mitsubishi Lancer Evolution IX MR,B,534,B 632,No,No,Series 1,,
Mitsubishi,2008 Mitsubishi Lancer Evolution X GSR,B,534,B 649,No,No,Autoshow,,
Nissan,1969 Nissan Fairlady Z 432,D,369,D 482,No,No,Autoshow,,
Nissan,1971 Nissan Skyline 2000GT-R,D,380,D 493,No,No,Barn Find,,
Nissan,1973 Nissan Skyline H/T 2000GT-R,C,407,C 518,No,No,Autoshow,,
Nissan,1983 Nissan #11 Tomica Skyline Turbo Super Silhouette,S2,847,-,-,Horizon,Barn Find,,
Nissan,1985 Nissan Safari Turbo,D,123,D 230,No,No,Treasure Car,,
Nissan,1987 Nissan Be-1,D,175,D 257,No,No,Series 1,,
Nissan,1987 Nissan Skyline GTS-R (HR31),C,432,C 543,No,No,Autoshow,,
Nissan,1989 Nissan Pao,D,145,D 228,No,No,Barn Find,,
Nissan,1989 Nissan S-Cargo,D,131,D 222,No,No,Autoshow,,
Nissan,1989 Nissan S-Cargo Forza Edition,S1,800,-,-,Forza,Wheelspin,,
Nissan,1989 Nissan Silvia K's,C,455,-,-,Forza,Autoshow,,
Nissan,1990 Nissan #12 Skyline GT-R,S2,858,-,-,Forza,Car Pass,,
Nissan,1990 Nissan Pulsar GTI-R,C,486,C 594,No,No,Autoshow,,
Nissan,1991 Nissan Figaro,D,234,D 324,No,No,Treasure Car,,
Nissan,1992 Nissan Skyline GT-R,B,541,-,-,Forza,Autoshow,,
Nissan,1993 Nissan #32 Skyline WTAC 'Xtreme GTR',R,923,-,-,Forza,Time Attack Car Pack,,
Nissan,1993 Nissan 240SX,D,339,D 445,No,No,Wheelspin,,
Nissan,1994 Nissan Fairlady Z Version S Twin Turbo,C,497,B 607,Yes,No,Autoshow,,
Nissan,1994 Nissan Silvia K's,C,499,B 617,Yes,No,Autoshow,,
Nissan,1995 Nissan Gloria Gran Turismo,C,498,-,-,Forza,Autoshow,,
Nissan,1995 Nissan Nismo GT-R LM,B,544,B 658,No,No,Autoshow,,
Nissan,1997 Nissan Skyline GT-R V-Spec,B,555,B 635,No,No,Series 1,,
Nissan,1997 Nissan Stagea RS Four V,C,439,C 547,No,No,Autoshow,,
Nissan,1998 Nissan #23 Pennzoil Nismo Skyline GT-R,S2,848,-,-,Horizon,Barn Find,,
Nissan,1998 Nissan R390 (GT1),S1,774,S1 859,,No,Barn Find,,
Nissan,1998 Nissan Silvia K's Aero,C,494,B 609,Yes,No,Autoshow,,
Nissan,1998 Nissan Skyline GT-R 40th Anniversary,B,547,-,-,Forza,Car Pass,,
Nissan,2000 Nissan #36 Silvia WTAC,R,996,-,-,No,Time Attack Car Pack,,
Nissan,2000 Nissan Skyline GT-R V-Spec II,B,590,-,-,Forza,Autoshow,,
Nissan,2002 Nissan Silvia Spec-R,B,551,-,-,Forza,Autoshow,,
Nissan,2003 Nissan Fairlady Z,B,534,B 650,No,No,Autoshow,,
Nissan,2010 Nissan 370Z,B,568,B 688,No,No,Series 1,,
Nissan,2012 Nissan GT-R Black Edition (R35),S1,703,S1 810,No,No,Autoshow,,
Nissan,2012 Nissan GT-R Black Edition (R35) Forza Edition,S2,850,-,-,Forza,Wheelspin,,
Nissan,2017 Nissan GT-R (R35),S1,709,S1 814,No,No,Autoshow,,
Nissan,2019 Nissan 370Z NISMO,A,603,A 718,No,No,Autoshow,,
Nissan,2020 Nissan GT-R NISMO (R35),S1,736,S1 846,No,No,Autoshow,,
Nissan,2024 Nissan GT-R NISMO,S1,741,-,-,Forza,Autoshow / Discover Japan,,
Nissan,2024 Nissan Z NISMO,A,652,A 765,No,No,Autoshow,,
Noble,2010 Noble M600,S1,793,S1 877,No,No,Autoshow,,
Opel,1984 Opel Manta 400,B,576,B 691,No,No,Autoshow / Horizon Festival,,
Pagani,2009 Pagani Zonda R,R,918,S2 959,Yes,No,Autoshow,,
Pagani,2010 Pagani Zonda Cinque Roadster,S2,812,S1 896,Yes,No,Autoshow,,
Pagani,2016 Pagani Huayra BC Coupe,S2,851,S2 929,No,No,Autoshow,,
Pagani,2021 Pagani Huayra R,R,954,S2 985,Yes,No,Series 1,,
Peel,1962 Peel P50,D,100,D 100,No,No,Autoshow,,
Peel,1962 Peel P50 Trolli Edition,D,100,-,-,Forza,Promo DLC,,
Penhall,2011 Penhall The Cholla,B,541,B 655,No,No,Autoshow,,
Peugeot,1984 Peugeot 205 Turbo 16,C,500,B 616,Yes,No,Barn Find,,
Peugeot,1991 Peugeot 205 Rallye,D,350,D 462,No,No,Autoshow,,
Peugeot,2007 Peugeot 207 Super 2000,A,632,A 755,No,No,Horizon Festival,,
Plymouth,1958 Plymouth Fury,D,361,D 477,No,No,Autoshow,,
Plymouth,1968 Plymouth Barracuda Formula-S,C,445,C 550,No,No,Autoshow,,
Plymouth,1971 Plymouth Cuda 426 Hemi,C,441,C 547,No,No,Autoshow,,
Polaris,2021 Polaris RZR Pro XP Ultimate,C,496,C 593,No,No,Autoshow / Horizon Festival,,
Polaris,2021 Polaris RZR Pro XP Factory Racing Limited Edition,C,439,C 516,No,No,Autoshow,,
Pontiac,1977 Pontiac Firebird Trans Am,D,311,D 418,No,No,Autoshow,,
Pontiac,1987 Pontiac Firebird Trans Am GTA,D,381,D 485,No,No,Autoshow,,
Porsche,1970 Porsche #3 917 LH,S1,776,S1 856,,No,Autoshow / Discover Japan,,
Porsche,1970 Porsche #3 917 LH Forza Edition,R,998,-,-,Forza,Wheelspin,,
Porsche,1973 Porsche 911 Carrera RS,C,490,B 601,Yes,No,Autoshow,,
Porsche,1982 Porsche 911 Turbo 3.3,B,550,B 666,No,No,Barn Find,,
Porsche,1986 Porsche #185 959 Prodrive Rally Raid,A,623,A 742,No,No,Autoshow,,
Porsche,1987 Porsche 959,A,661,A 764,No,No,Treasure Car,,
Porsche,1989 Porsche 944 Turbo,B,539,B 651,No,No,Autoshow,,
Porsche,1993 Porsche 911 Turbo S Leichtbau,A,652,-,-,Horizon,Series 2,,
Porsche,1993 Porsche 928 GTS,B,563,-,-,No,Autoshow,,
Porsche,1993 Porsche 968 Turbo S,B,594,A 701,Yes,No,Autoshow,,
Porsche,1995 Porsche 911 GT2,A,644,A 753,No,No,Wheelspin,,
Porsche,1997 Porsche 911 GT1 Strassenversion,S1,746,S1 840,No,No,Autoshow,,
Porsche,2003 Porsche Carrera GT,S1,758,S1 845,No,No,Car Mastery,,
Porsche,2004 Porsche 911 GT3,A,674,A 778,No,No,Autoshow,,
Porsche,2005 Porsche Cayman GT3 WTAC,S2,856,-,-,Forza,Autoshow,,
Porsche,2012 Porsche 911 GT3 RS 4.0,S1,726,S1 825,No,No,Autoshow / Horizon Festival,,
Porsche,2014 Porsche 918 Spyder,S2,858,S2 920,No,No,Autoshow / Horizon Festival,,
Porsche,2018 Porsche 718 Cayman GTS,A,675,A 785,No,No,Autoshow,,
Porsche,2018 Porsche 911 GT2 RS,S2,803,S1 888,Yes,No,Autoshow,,
Porsche,2018 Porsche Cayenne Turbo,A,638,A 744,No,No,Autoshow,,
Porsche,2018 Porsche Macan LPR Rally Raid,B,528,B 637,No,No,Autoshow,,
Porsche,2019 Porsche #70 Porsche Motorsport 935,S2,853,S2 932,No,No,Autoshow,,
Porsche,2019 Porsche 911 Carrera S,S1,714,S1 819,No,No,Autoshow,,
Porsche,2019 Porsche 911 GT3 RS,S1,760,S1 860,No,No,Wheelspin,,
Porsche,2020 Porsche Taycan Turbo S,S1,725,S1 807,No,No,Autoshow,,
Porsche,2021 Porsche 911 GT3,S1,752,S1 858,No,No,Autoshow,,
Porsche,2021 Porsche Mission R,S2,865,S2 925,No,No,Autoshow,,
Porsche,2022 Porsche 718 Cayman GT4 RS,S1,737,S1 850,No,No,Autoshow / Horizon Festival,,
Porsche,2023 Porsche 911 GT3 RS,S1,758,S1 867,No,No,Autoshow,,
Porsche,2023 Porsche 911 Rallye,A,700,A 800,No,No,Horizon Festival,,
Porsche,2023 Porsche 911 Turbo S,S1,774,S1 857,No,No,Autoshow,,
Radical,2015 Radical RXC Turbo,S2,842,S2 928,No,No,Autoshow,,
Ram,2024 Ram 1500 TRX,B,514,-,-,Forza,Autoshow,,
Reliant,1972 Reliant Supervan III,D,100,D 100,No,No,Autoshow,,
Renault,1967 Renault 8 Gordini,D,322,D 435,No,No,Series 1,,
Renault,1980 Renault 5 Turbo,C,417,C 521,No,No,Autoshow,,
Renault,1993 Renault Clio Williams,D,400,C 511,Yes,No,Autoshow,,
Renault,2008 Renault Megane R26.R,B,561,B 678,No,No,Autoshow,,
Renault,2010 Renault Megane RS 250,B,538,B 657,No,No,Autoshow,,
Renault,2018 Renault Mégane R.S.,B,547,B 670,No,No,Autoshow,,
Rimac,2021 Rimac Nevera,R,913,S2 968,Yes,No,Wheelspin,,
Rivian,2022 Rivian R1T,A,607,A 718,No,No,Autoshow,,
RJ Anderson,2016 RJ Anderson #37 Polaris RZR-Rockstar Energy Pro 2 Truck,A,674,A 776,No,No,Autoshow / Horizon Festival,,
RJ Anderson,2021 RJ Anderson #37 Polaris RZR Pro 4 Truck,A,677,A 776,No,No,Wheelspin,,
Saleen,2017 Saleen S7 LM,S2,835,S2 918,No,No,Series 1 / Series 2,,
Schuppan,1993 Schuppan 962CR,S1,764,S1 869,No,No,Series 1 / Series 2,,
Shelby,1965 Shelby Cobra 427 S/C,B,582,B 694,No,No,Discover Japan,,
Shelby,1965 Shelby Cobra Daytona Coupé,B,515,B 637,No,No,Autoshow,,
SIERRA Cars,2020 SIERRA Cars #23 Yokohama Alpha,R,926,S2 986,Yes,No,Autoshow,,
SIERRA Cars,2021 SIERRA Cars 700R,D,346,D 414,No,No,Autoshow,,
SIERRA Cars,2021 SIERRA Cars RX3,A,635,A 737,No,No,Autoshow,,
SRT,2013 SRT Viper GTS,S1,707,S1 813,No,No,Autoshow,,
Subaru,1980 Subaru BRAT GL,D,159,D 273,No,No,Autoshow,,
Subaru,1990 Subaru Legacy RS,C,406,C 514,No,No,Autoshow,,
Subaru,1994 Subaru Vivio RX-R,D,281,-,-,Forza,Autoshow,,
Subaru,1994 Subaru Vivio RX-R Forza Edition,S2,900,-,-,Forza,Horizon Festival,,
Subaru,1996 Subaru SVX,C,466,C 574,No,No,Autoshow,,
Subaru,1998 Subaru Impreza 22B-STi Version,B,600,B 640,No,No,Autoshow,,
Subaru,2004 Subaru Impreza WRX STi,B,552,B 652,No,No,Autoshow,,
Subaru,2005 Subaru Impreza WRX STi,B,570,B 669,No,No,Autoshow,,
Subaru,2005 Subaru Legacy B4 2.0 GT,B,549,-,-,Horizon,Autoshow,,
Subaru,2008 Subaru Impreza WRX STI,B,539,B 649,No,No,Autoshow,,
Subaru,2011 Subaru WRX STI,B,547,B 668,No,No,Autoshow,,
Subaru,2013 Subaru BRZ,C,463,C 581,No,No,Autoshow,,
Subaru,2015 Subaru WRX STI,B,555,B 675,No,No,Autoshow,,
Subaru,2018 Subaru WRX STI ARX Supercar,S1,758,S1 849,No,No,Horizon Festival,,
Subaru,2019 Subaru STI S209,B,574,B 689,No,No,Series 1,,
Subaru,2022 Subaru BRZ,B,551,B 673,No,No,Autoshow,,
Subaru,2022 Subaru BRZ Forza Edition,A,700,-,-,Forza,Aftermarket,,
Subaru,2022 Subaru WRX,B,538,B 663,No,No,Autoshow,,
Toyota,1965 Toyota Sports 800,D,141,D 246,No,No,Discover Japan,,
Toyota,1965 Toyota Sports 800 Fanta Edition,D,141,-,-,Forza,Promo DLC,,
Toyota,1969 Toyota 2000GT,D,377,D 487,No,No,Barn Find,,
Toyota,1974 Toyota Corolla SR5,D,197,-,-,No,Series 1,,
Toyota,1979 Toyota FJ40,D,157,D 269,No,No,Autoshow,,
Toyota,1985 Toyota Sprinter Trueno GT Apex,D,376,D 480,No,No,Autoshow,,
Toyota,1985 Toyota Sprinter Trueno GT Apex Forza Edition,B,599,-,-,Forza,Discover Japan,,
Toyota,1989 Toyota MR2 SC,D,397,C 502,Yes,No,Series 1,,
Toyota,1991 Toyota Chaser GT Twin Turbo,C,484,C 597,No,No,Autoshow,,
Toyota,1991 Toyota Sera,D,344,D 447,No,No,Autoshow,,
Toyota,1992 Toyota Celica GT-Four RC ST185,C,438,C 544,No,No,Autoshow,,
Toyota,1992 Toyota Supra 2.0 GT,C,453,C 558,No,No,Autoshow,,
Toyota,1993 Toyota #1 Baja T100 Truck,B,584,B 693,No,No,Autoshow,,
Toyota,1994 Toyota Celica GT-Four ST205,C,479,C 590,No,No,Autoshow,,
Toyota,1995 Toyota J&J Motorsport Supra WTAC,S2,828,-,-,Forza,Time Attack Car Pack,,
Toyota,1995 Toyota MR2 GT,B,522,B 632,No,No,Autoshow,,
Toyota,1996 Toyota Starlet Glanza V,C,435,-,-,Forza,Series 1,,
Toyota,1997 Toyota Chaser 2.5 Tourer V,B,504,-,-,Forza,Autoshow / Discover Japan,,
Toyota,1997 Toyota Soarer 2.5 GT-T,C,491,B 601,Yes,No,Autoshow / Discover Japan,,
Toyota,1998 Toyota Supra RZ,B,529,B 646,No,No,Autoshow / Discover Japan,,
Toyota,1999 Toyota Altezza RS200 Z Edition,C,461,-,-,Forza,Series 1,,
Toyota,2003 Toyota Celica Sport Specialty II,C,433,C 557,No,No,Autoshow,,
Toyota,2005 Toyota Crown Super Deluxe Taxi,D,181,-,-,Forza,Autoshow,,
Toyota,2013 Toyota 86,C,460,C 579,No,No,Autoshow,,
Toyota,2013 Toyota 86 'Stories',A,685,-,-,Forza,Discover Japan,,
Toyota,2016 Toyota Land Cruiser Arctic Trucks AT37,D,332,D 404,No,No,Series 1,,
Toyota,2017 Toyota JPN Taxi,D,248,-,-,Forza,Autoshow,,
Toyota,2019 Toyota 4Runner TRD Pro,C,421,C 531,No,No,Autoshow,,
Toyota,2019 Toyota Tacoma TRD Pro,C,409,C 562,No,No,Autoshow,,
Toyota,2019 Toyota Tacoma TRD Pro Forza Edition,R,998,-,-,Forza,VIP Membership,,
Toyota,2020 Toyota GR Supra,A,616,A 731,No,No,Autoshow / Discover Japan,,
Toyota,2021 Toyota GR Yaris,B,558,B 672,No,No,Autoshow,,
Toyota,2022 Toyota GR86,B,556,B 676,No,No,Autoshow,,
Toyota,2023 Toyota Camry TRD,B,525,B 645,No,No,Autoshow,,
Toyota,2023 Toyota GR Corolla,B,596,-,-,Forza,Car Pass,,
Toyota,2025 Toyota Land Cruiser,C,456,-,-,Forza,Autoshow,,
TVR,1998 TVR Cerbera Speed 12,S1,770,S1 861,,No,Series 2,,
TVR,2005 TVR Sagaris,A,672,A 779,No,No,Autoshow,,
TVR,2018 TVR Griffith,S1,729,S1 825,No,No,Autoshow,,
Ultima,2015 Ultima Evolution Coupe 1020,R,925,S2 961,Yes,No,Autoshow,,
Volkswagen,1963 Volkswagen Beetle,D,100,D 100,No,No,Autoshow,,
Volkswagen,1963 Volkswagen Type 2 De Luxe,D,100,D 100,No,No,Autoshow / Discover Japan,,
Volkswagen,1969 Volkswagen Class 5/1600 Baja Bug,D,260,D 349,No,No,Autoshow,,
Volkswagen,1982 Volkswagen Pickup LX,D,100,D 100,No,No,Autoshow,,
Volkswagen,1983 Volkswagen Golf GTI,D,314,D 428,No,No,Autoshow,,
Volkswagen,1992 Volkswagen Golf Gti 16v Mk2,D,308,D 429,No,No,Autoshow,,
Volkswagen,1995 Volkswagen Corrado VR6,C,426,C 533,No,No,Autoshow,,
Volkswagen,1998 Volkswagen Golf Rallye,C,440,-,-,Forza,Series 2,,
Volkswagen,2010 Volkswagen Golf R,B,526,B 645,No,No,Autoshow,,
Volkswagen,2011 Volkswagen Scirocco R,B,548,B 663,No,No,Autoshow,,
Volkswagen,2014 Volkswagen Golf R,B,536,B 663,No,No,Autoshow,,
Volkswagen,2017 Volkswagen #34 Volkswagen Andretti Rallycross Beetle,S1,764,S1 851,No,No,Autoshow,,
Volkswagen,2021 Volkswagen Golf R,B,546,B 668,No,No,Autoshow,,
Volkswagen,2022 Volkswagen Golf R,B,548,B 672,No,No,Autoshow,,
Volvo,1983 Volvo 242 Turbo Evolution,C,435,C 548,No,No,Autoshow,,
Wuling,2013 Wuling Sunshine S,D,107,D 207,No,No,Autoshow,,
Wuling,2013 Wuling Sunshine S Forza Edition,S1,800,-,-,Forza,Wheelspin,,
Wuling,2022 Wuling Hongguang Mini EV Macaron,D,100,D 136,No,No,Autoshow,,
Zenvo,2019 Zenvo TSR-S,R,906,S2 927,Yes,No,Autoshow,,